workshop_id,completed_retrofits,total_retrofit_time,total_waiting_time,throughput_per_hour,utilization_percent
WS_01,64,3840.0,6913.0,0.7142192876406585,35.71096438203292
WS_02,62,3720.0,7033.0,0.6918999349018878,34.59499674509439
WS_03,62,3720.0,7033.0,0.6918999349018878,34.59499674509439
