workshop_id,completed_retrofits,total_retrofit_time,total_waiting_time,throughput_per_hour,utilization_percent
WS_01,58,418.8464912280702,6167.15350877193,1.0567871242028546,6.359649122807018
WS_02,53,382.7390350877193,6203.2609649122805,0.965684785909505,5.81140350877193
