locomotive_id,parking_time,moving_time,coupling_time,decoupling_time,parking_percent,moving_percent,coupling_percent,decoupling_percent
LOCO_01,732.0,198.0,56.5,63.0,69.74749880895665,18.866126727012862,5.383515959980943,6.002858504049548
LOCO_02,564.0,213.0,59.5,69.5,62.251655629139066,23.509933774834437,6.567328918322296,7.671081677704194
